id	ja	ko
ezaki2000pen	タブレットの手書きを日本語として認識し、音声候補で選択・書き直し・編集を支援する。	태블릿 필기를 일본어로 인식하고 음성 후보로 선택, 다시 쓰기, 편집을 지원한다.
luk2000digital	6キーの点字符号を中国語検索式に変換し、文字・語頭・文の入力に対応する。	6키 점자 코드를 중국어 검색어로 변환하며 글자, 단어 접두부, 문장 입력을 지원한다.
lin2006design	コード式画面キーボードは中国語の表音・字形配列を備えるが、報告された転記課題は英語である。	화음식 화면 키보드는 중국어 표음·형태 배열을 지원하지만 보고된 베껴 쓰기 과제는 영어이다.
lin2008designing	走査式キーボードは中国語配列を2種類備える。実験文章の言語は明記されていない。	스캐닝 키보드는 중국어 배열 두 가지를 갖추지만 실험 문서의 언어는 명확하지 않다.
fu2009fast	座標ジェスチャーで注音・声調・漢字候補を選択し、入力文を音声で読み上げる。	좌표 제스처로 주음, 성조, 한자 후보를 선택하며 입력 문장을 음성으로 읽을 수 있다.
kotani2010japanese	視線で3種類の日本語配列を操作する。NIRSは評価測定であり入力信号ではない。	시선으로 세 가지 일본어 배열을 조작한다. NIRS는 평가 측정이며 입력 신호가 아니다.
minett2010assistive	脳インタフェースで繁体字・部品・筆画を選択する。大語彙の完全な入力は構想段階である。	뇌 인터페이스로 번체자, 부품, 획을 선택한다. 대규모 어휘의 완전한 입력은 제안 단계이다.
wang2010accurate	中国語点字の段落を簡体字に変換し、視覚障害者向け入力法への応用を目指す。	중국어 점자 문단을 간체자로 변환하여 시각장애인용 입력기에 활용한다.
kotani2011proficiency	仮名漢字混じり文で視線入力を評価する。臨床利用の記録には名前や歌詞も含まれる。	가나·한자 혼합 문장으로 시선 입력을 평가하며 임상 사용 기록에는 이름과 가사도 포함된다.
wu2012text	学習障害のある児童が注音記号を組み合わせて繁体字を入力する。	학습장애가 있는 학생이 주음 기호를 조합하여 번체자를 입력한다.
hamano2013usability	高齢者によるスマートフォンの仮名・英語入力を評価する。漢字変換は評価していない。	고령자의 스마트폰 가나·영어 입력을 평가하며 한자 변환은 평가하지 않는다.
miura2014usage	質問紙で日本の視覚障害者のタッチ画面入力を調べ、キーボードと音声入力の利用を記録する。	설문으로 일본 시각장애인의 터치 화면 입력을 조사하고 키보드와 음성 입력 사용을 기록한다.
shoji2014japanese	生活ログを視線入力の予測に利用する。予測実験には例文と模擬優先順位を用いる。	생활 로그를 시선 입력 예측에 활용하며 예측 실험은 예문과 모의 우선순위를 사용한다.
zhou2014older	高齢者の中国語メッセージ入力について、端末サイズ・入力方法・課題完了を調べる。	고령자의 중국어 메시지 입력에서 기기 크기, 입력 방식, 과제 수행을 조사한다.
lin2015designs	頭皮電気信号で注音記号を走査選択する。出力は選択済み漢字ではなく表音記号である。	두피 전기 신호로 주음 기호를 스캐닝 선택한다. 출력은 선택된 한자가 아닌 표음 기호이다.
tang2015touch	画面上の6点点字を中国語の音や語に対応させ、音声確認と編集を備えたメッセージ入力に使う。	화면의 6점 점자를 중국어 음과 단어에 대응시켜 음성 확인 및 편집 기능이 있는 메시지 입력에 사용한다.
wang2015preliminary	読み上げと触覚的な文字構造教材で、中国語の表音・字形入力を教える。	화면 읽기와 촉각 문자 구조 교재로 중국어 표음·형태 입력을 가르친다.
xie2017attitude	高齢者が普段のキーボード・手書き・音声で中国語を入力し、書き直しや切替の困難を調べる。	고령자가 익숙한 키보드, 필기, 음성으로 중국어를 입력하며 다시 쓰기와 전환의 어려움을 조사한다.
jabeen2018sak	走査で子音・音節・漢字候補を順に選び、連想・削除・読み上げを利用する。	스캐닝으로 자음, 음절, 한자 후보를 순서대로 선택하며 연상, 삭제, 읽기를 지원한다.
jabeen2019modeling	声母・音節から漢字候補を生成し、文字言語モデルで文中の置換候補を順位付けする。	성모와 음절로 한자 후보를 생성하고 문자 언어 모델로 문장 내 대체 후보를 정렬한다.
liao2019enabling	縦断的な教育研究で、読み上げを使った注音・嘸蝦米入力と情報検索を支援する。	종단 교육 연구에서 화면 읽기를 활용한 주음·Boshiamy 입력과 정보 검색을 지원한다.
lv2019brain	脳制御の拼音画面で声母・韻母・声調・漢字候補を段階的に選択する。	뇌 제어 병음 화면에서 성모, 운모, 성조, 한자 후보를 단계적으로 선택한다.
shi2019vipboard	拼音修正後に漢字変換し、候補をジェスチャー操作する。報告速度には漢字選択時間を含まない。	병음 수정 후 한자로 변환하고 제스처로 후보를 조작한다. 보고 속도에는 한자 선택 시간이 포함되지 않는다.
yu2019asynchronous	3回の瞬目でEEG綴り入力を起動し、2回の瞬目で予測漢字を選択する。	세 번 눈을 깜박여 EEG 철자 입력을 시작하고 두 번 깜박여 예측 한자를 선택한다.
han2020write	脳制御で座標を選び、ロボットが福の筆画を描く。出力は編集可能な文字コードではなく物理的字形である。	뇌 제어로 좌표를 선택해 로봇이 福의 획을 그린다. 출력은 편집 가능한 문자 코드가 아닌 물리적 글자 형태이다.
wang2020effects	若年者と高齢者が制限時間内に携帯端末で注音または手書きによる繁体字入力を行う。	젊은 사용자와 고령자가 제한 시간 안에 휴대 기기에서 주음 또는 필기로 번체자를 입력한다.
sun2022design	6キー点字をUnicode点字として保存し、拼音を介して漢字に変換してクリップボードへ送る。	6키 점자를 유니코드 점자로 저장하고 병음을 거쳐 한자로 변환하여 클립보드에 보낸다.
weng2022establishment	音声説明と構造化教材で、先天盲の学習者に嘸蝦米の字形符号による繁体字入力を教える。	음성 설명과 체계적인 교재로 선천성 시각장애 학습자에게 Boshiamy 형태 코드를 이용한 번체자 입력을 가르친다.
young2023enabling	読み上げ支援の中国語入力と検索を識字学習に使う。具体的な入力法は本報告では明示されない。	화면 읽기 지원 중국어 입력과 검색을 문자 학습에 활용한다. 구체적 입력법은 이 보고서에 명시되지 않는다.
chen2024handwriting	入力枠の大きさ別に指とペンを比較する。課題は単字認識と書き直しである。	입력 칸 크기에 따라 손가락과 펜을 비교하며 과제는 단일 문자 인식과 다시 쓰기이다.
nonoka2024study	装着型視線装置で子音・母音群を選び、仮名修飾・削除・音声確認を行う。	착용형 시선 장치로 자음·모음군을 선택하고 가나 변형, 삭제, 음성 확인을 수행한다.
ahn2025rectus	脚の筋電でCheonjiinのカーソルと選択を操作し、Hangul音節を組み立てる。	다리 근전도로 천지인 키보드의 커서와 선택을 제어하여 한글 음절을 조합한다.
liu2025influence	高齢者の拼音・手書き入力で、漢字の複雑さと入力法を時間・正確さ・削除から調べる。	고령자의 병음·필기 입력에서 한자 복잡도와 입력법을 시간, 정확도, 삭제 횟수로 조사한다.
fukushima2000online	候補格子で字形・大きさ・文脈確率を組み合わせ、連続日本語手書きを同時に分割・認識する。	후보 격자에서 형태, 크기, 문맥 확률을 결합하여 연속 일본어 필기를 동시에 분할·인식한다.
ichimura2000kana	部分的な仮名から漢字列を予測し、採用語句を優先度付き個人辞書に学習する。	부분 가나로 한자열을 예측하고 채택된 구절을 우선순위가 있는 개인 사전에 학습한다.
tokuno2002context	文脈依存の部分筆画HMMで漢字軌跡を認識する。文脈は隣接筆画であり文意ではない。	문맥 의존 부분 획 HMM으로 한자 궤적을 인식한다. 문맥은 인접 획이며 문장 의미가 아니다.
ren2003candidate	ローマ字から漢字への入力で候補表示と改ページを比較し、選択と修正の時間を分けて測る。	로마자에서 한자로 입력하며 후보 표시와 페이지 이동을 비교하고 선택·수정 시간을 별도로 측정한다.
houser2004japanese	等価ローマ字打鍵数で端末間の日本語速度を比較する。直接の漢字毎分指標ではない。	등가 로마자 타건 수로 기기 간 일본어 입력 속도를 비교하며 직접적인 분당 한자 수는 아니다.
huang2004statistical	統計復号でHangeulをHanja混じり文へ変換し、語境界と変換すべき語を同時に扱う。	통계 디코딩으로 한글을 한자·한글 혼합문으로 변환하며 단어 경계와 변환할 단어를 함께 처리한다.
sato2004menu	ペンメニューで子音を入力し、母音の追加で候補を絞る。辞書で補完と次語予測を行う。	펜 메뉴로 자음을 입력하고 모음을 추가해 후보를 좁힌다. 사전으로 자동 완성과 다음 단어 예측을 제공한다.
komatsu2005corpus	文書から得た複合語を、現在の文脈と入力済み読みの接頭部に応じて補完候補として並べる。	문서에서 얻은 복합어를 현재 문맥과 입력한 발음 접두부에 따라 자동 완성 후보로 정렬한다.
araki2006evaluation	変換候補を音声の読みに戻して検査し、意味パターンでも同音語の誤変換を検出する。	변환 후보를 음성 발음으로 되돌려 검사하고 의미 패턴으로도 동음어 오변환을 감지한다.
araki2006evaluationb	マルコフモデルで未分割の仮名を区切り、仮名漢字候補を生成して境界と正しさを評価する。	마르코프 모델로 분할되지 않은 가나를 나누고 가나·한자 후보를 생성해 경계와 정확성을 평가한다.
doo2006korean	片手のコード打鍵で、音節構造に沿ってHangulの初声・母音・終声を選ぶ。	한 손 화음 타건으로 음절 구조에 따라 한글 초성, 모음, 종성을 선택한다.
itoh2006comparative	ひらがな通信文で2種類の視線入力を比較する。仮名漢字変換は評価していない。	히라가나 의사소통 문장으로 두 시선 입력 방식을 비교하며 가나·한자 변환은 평가하지 않는다.
ota2007online	筆画間文法で単独漢字の軌跡を認識し、異なる筆順にも対応する。	획 사이 문법으로 단일 한자 궤적을 인식하며 다른 획순도 지원한다.
sakurada2007japanese	自由筆記を必要時に分割・結合・認識し、手書き認識または仮名漢字変換の候補を選ぶ。	자유 필기를 필요할 때 분할·병합·인식하고 필기 인식 또는 가나·한자 변환 후보를 선택한다.
sano2007recognition	オンラインの筆軌跡をひらがなテンプレートと照合し、あの認識を例示する。	온라인 붓 궤적을 히라가나 템플릿과 대조하며 あ 인식을 예시로 제시한다.
tonouchi2007text	重ね書きのひらがなを筆画ごとに認識し、削除・漢字変換・確定をジェスチャーで行う。	겹쳐 쓴 히라가나를 획마다 인식하고 제스처로 삭제, 한자 변환, 확정을 수행한다.
ehara2008multilingual	言語を自動検出して各言語の入力エンジンを切り替える。日本語と中国語の変換も含む。	언어를 자동 감지해 언어별 입력 엔진을 전환하며 일본어와 중국어 변환도 포함한다.
go2008itone	2本のジョイスティックで行と母音段を選び、離すと確定する。変換機能の評価は限定的である。	두 조이스틱으로 행과 모음 위치를 선택하고 놓으면 확정한다. 변환 기능 평가는 제한적이다.
ilinkin2008design	12キー携帯配列で子音の複数回押しと形状に基づく母音合成を組み合わせる。	12키 휴대전화 배열에서 자음 여러 번 누르기와 형태 기반 모음 조합을 결합한다.
mladenov2008integrated	日本語ワープロに辞書・部首検索を統合する。筆順画像は教材であり、手書き認識は未実装である。	일본어 워드프로세서에 사전·부수 검색을 통합한다. 획순 이미지는 교재이며 필기 인식은 구현되지 않았다.
miyao2009writer	仮想例でひらがな認識器を書き手に適応させ、別に確保した筆記標本で評価する。	가상 예제로 히라가나 인식기를 필자에 적응시키고 별도 필기 표본으로 평가한다.
shin2009multi	画像ベースの模擬画面で、1本指と2本指の操作によるHangul合成を比較する。	이미지 기반 모의 화면에서 한 손가락과 두 손가락 조작을 이용한 한글 조합을 비교한다.
ilinkin2010evaluation	韓国語携帯入力を比較する。報告速度の文字単位は完成音節ではなく構成字母である。	한국어 휴대전화 입력을 비교하며 보고 속도의 문자 단위는 완성 음절이 아닌 구성 자모이다.
kato2010kana	語単位のマルコフモデルで仮名を仮名漢字混じり文に変換し、文・語・文字別に評価する。	단어 단위 마르코프 모델로 가나를 가나·한자 혼합문으로 변환하고 문장·단어·문자별로 평가한다.
kimioka2011niboshi	マルチタッチで仮名と予測漢字変換を入力する。目を使わない操作はキーに関するもので、文章は見える。	멀티터치로 가나와 예측 한자 변환을 입력한다. 보지 않는 조작은 키에 관한 것이며 출력 문장은 보인다.
ikegami2012modeless	系列特徴で日本語とASCIIを分類して仮名へ写像する。漢字変換は後段の構想である。	시퀀스 특징으로 일본어와 ASCII를 분류해 가나로 매핑한다. 한자 변환은 후속 구상이다.
fukatsu2013look	キーを見ず片手フリックで短い仮名メモを入力する。漢字変換は試験していない。	키를 보지 않고 한 손 플릭으로 짧은 가나 메모를 입력하며 한자 변환은 시험하지 않는다.
go2013designing	EdgeWriteの角経路が筆順と空間構造で日本語の表音文字、主にカタカナを符号化する。	EdgeWrite 모서리 경로가 획순과 공간 구조로 주로 가타카나인 일본어 표음문자를 부호화한다.
kim2013hybrid	練習済みの文で携帯Hangul入力を複合評価し、誤りが生じると試行を中止する。	연습한 문장으로 휴대전화 한글 입력을 복합 평가하며 오류 발생 시 시행을 중단한다.
wu2013web	Webから複合語や句を採掘して変換を拡張し、クラウド候補をローカル候補より先に置く。	웹에서 복합어와 구를 추출해 변환을 확장하고 클라우드 후보를 로컬 후보보다 앞에 배치한다.
ashitaka2014acquisition	階層的練習で仮名語とローマ字打鍵列を結び付ける。実際の変換候補は表示しない。	계층적 연습으로 가나 단어와 로마자 타건열을 연결하며 실제 변환 후보는 표시하지 않는다.
higashida2015one	数字列で日本語の語・名前・住所を検索し、候補表示で曖昧さを解消する。	숫자열로 일본어 단어, 이름, 주소를 검색하고 후보 표시로 모호성을 해소한다.
ikegami2015hybrid	N-gram分類と辞書で日本語の混在入力をASCIIと仮名に分け、その後に漢字変換を行う。	N-gram 분류와 사전으로 혼합 일본어 입력의 ASCII와 가나를 구분한 뒤 한자로 변환한다.
matsuhara2015efficient	仮名で書いたツイートの添付写真と検索画像の類似度を使い、漢字候補を並べ替える。	가나 트윗의 첨부 사진과 검색 이미지의 유사도로 한자 후보 순위를 조정한다.
park2015enhanced	異なる音で韓国語タッチ入力にフィードバックを与える。文の転記実験では自動補完と自動修正を無効にした。	한국어 터치 입력에 서로 다른 소리 피드백을 제공한다. 문장 전사 실험에서는 자동 완성과 교정을 껐다.
lee2016complete	展開可能な頻度順の選択肢から初声・母音・終声を選び、腕時計でHangulを合成する。	스마트워치에서 빈도순으로 펼쳐지는 선택지를 통해 초성·모음·종성을 골라 한글을 조합한다.
han2017mid	大型画面で空中ジェスチャーにより子音と母音を選び、Hangulを合成する。HMDは使わない。	대형 화면에서 공중 제스처로 자음과 모음을 골라 한글을 조합하며 HMD는 사용하지 않는다.
ikegami2017flick	日本語モバイルIMEで単語分割と再帰型言語モデルを用い、現在の入力と履歴から次の語を予測する。	일본어 모바일 IME에서 단어 분할과 순환 언어 모델로 현재 입력 및 이력에 따른 다음 단어를 예측한다.
ilinkin2017evaluation	腕時計での反復転記により韓国語入力方式を比較する。修正時は音節全体ではなく個々の字母を削除する。	스마트워치에서 반복 전사로 한국어 입력 방식을 비교하며, 수정 시 음절 전체 대신 개별 자모를 지운다.
shin2017non	Kinectが空中タップを検出してひらがなや英語を入力する。修飾・削除・空白・文字種切替も備える。	Kinect로 공중 탭을 감지하여 히라가나나 영어를 입력하며 수정 기호·삭제·공백·문자 종류 전환을 지원한다.
nguyen2018online	記録済みの日本語手書き軌跡を再帰型ネットワークで文字や行として認識する。対話的な候補画面は評価しない。	순환 신경망으로 기록된 일본어 필기 궤적을 문자나 행으로 인식한다. 대화형 후보 인터페이스는 평가하지 않는다.
takei2018button	2行6列のタブレット用ボタンで仮名・特殊文字・操作を入力する。仮名漢字変換は行わない。	태블릿의 2행 6열 버튼으로 가나·특수 문자·명령을 입력하며 가나–한자 변환은 하지 않는다.
tojo2018bubbleflick	円形の腕時計キーボードで方向フリックにより仮名を選び、中央でカーソル移動と削除を操作する。	원형 스마트워치 키보드에서 방향 플릭으로 가나를 고르고 중앙 영역에서 커서 이동과 삭제를 조작한다.
tanaka2019micro	小さなタッチ面でスライドにより五十音の行を選び、タップで母音位置を指定してひらがなを入力する。	작은 터치면에서 슬라이드로 오십음도 행을 고르고 탭으로 모음 위치를 지정하여 히라가나를 입력한다.
toba2019efficient	腕時計で候補選択とキーボード操作により日本語音声認識の誤りを直す。実験では再発話を禁止した。	스마트워치에서 후보 선택과 키보드 조작으로 일본어 음성 인식 오류를 수정한다. 실험에서는 재발화를 금지했다.
nakamura2020japanese	両手用タブレットキーボードに仮名フリック、辞書による漢字変換、専用候補領域を組み合わせる。	양손 태블릿 키보드에 가나 플릭, 사전 기반 한자 변환, 전용 후보 영역을 결합한다.
sato2020homonym	語義クラスタリングで日本語の同音語を正規化し、オフラインの仮名漢字変換モジュールに用いる。	의미 군집화로 일본어 동음어를 정규화하여 오프라인 가나–한자 변환 모듈에 활용한다.
nakamura2021bimanual	常用漢字を直接選択でき、その他の漢字とカタカナは変換領域から入力する。	상용한자를 직접 선택하고 다른 한자와 가타카나는 변환 영역에서 입력한다.
takahashi2021japanese	VRのフリック画面でひらがなを入力し文を表示する。漢字候補への変換は評価しない。	VR 플릭 인터페이스로 히라가나를 입력하고 문장을 표시한다. 한자 후보 변환은 평가하지 않는다.
yokoyama2021joyflick	2本のジョイスティックと修飾ボタンで日本語の仮名を入力する。IME統合とVR利用は今後の拡張として述べる。	조이스틱 두 개와 수정 버튼으로 일본어 가나를 입력한다. IME 통합과 VR 활용은 향후 확장으로 논의한다.
ikegami2024fast	日本語モバイルIMEが再帰型モデルによる語予測と変換候補を提供し、入力時間とキー操作をMozcと比較する。	일본어 모바일 IME가 순환 모델 기반 단어 예측 및 변환 후보를 제공하며 입력 시간과 키 조작을 Mozc와 비교한다.
sarhangzadeh2024alignment	アラインメントに基づく方策で、復号器の読み取りと出力の時機を制御しながら仮名を逐次変換する。	정렬 기반 정책으로 디코더의 읽기와 출력 시점을 제어하며 가나를 일본어 표기문으로 점진 변환한다.
wada2025flick	腕時計のベゼルスワイプと間接タッチで仮名を選ぶ。図示された漢字変換への拡張は未実装・未評価である。	스마트워치의 베젤 스와이프와 간접 터치로 가나를 선택한다. 그림에 제시된 한자 변환 확장은 구현·평가되지 않았다.
kishi2026proposal	ピンチでVR仮名キーボードを操作し、編集モードで削除・修飾・変換候補選択を行う。	핀치로 VR 가나 키보드를 조작하고 편집 모드에서 삭제·수정 기호·변환 후보 선택을 수행한다.
mokuya2026japanese	腕時計の大きな子音キーと母音タップで仮名を合成する。予測変換は今後の課題として提案する。	스마트워치의 큰 자음 키와 모음 탭으로 가나를 조합하며 예측 변환은 향후 과제로 제안한다.
takeuchi2026kuchimoji	口形から母音を推定し、走査と確認信号で仮名を選ぶ。音声再生を備えるが漢字変換は行わない。	입 모양으로 모음을 추정하고 스캔 및 확인 신호로 가나를 선택한다. 음성 재생은 지원하지만 한자 변환은 하지 않는다.
tanakaishii2002entering	4個の文字ボタンによる曖昧な入力を、予測補完と順位付き単語候補の選択によって解決する。	문자 버튼 네 개의 모호한 입력을 예측 완성과 순위가 매겨진 단어 후보 선택으로 해소한다.
kurihara2006speech	周囲の音声と手書きの認識から、日本語ノートに本人の筆跡で挿入できる文字列を提案する。	주변 음성과 필기를 인식하여 개인 필체로 일본어 노트에 삽입할 텍스트를 제안한다.
hatano2009japanese	表面筋電から疑似キー入力を生成し、日本語の単語候補の選択・ページ切替・確定を行う。	표면 근전도로 가상 키 이벤트를 생성하여 일본어 단어 후보 선택·페이지 전환·확정을 수행한다.
li2009bci	P300メッセンジャーで中国語の筆画入力、候補選択、削除を行い、完成したメッセージを送る。	P300 메신저에서 중국어 획 입력, 후보 선택, 삭제를 수행하고 완성된 메시지를 전송한다.
jin2010chinese	P300分類に基づく筆画から漢字への候補画面を設計する。実験は自由なメッセージでなく指定部品を評価する。	P300 분류에 따른 획–중국 한자 후보 인터페이스를 설계한다. 실험은 자유 메시지 대신 지정된 구성 요소를 평가한다.
kotani2010design	視線の時間制御で仮名を選び、文字と音で確認する。校正によりセンサーのドリフトを補正する。	시선 타이밍으로 가나를 선택하고 문자와 소리로 확인한다. 보정으로 센서 드리프트를 수정한다.
lee2011hangul	階層型P300刺激で音節順にHangulの構成要素を選び、終声なしと取り消しの操作を備える。	계층형 P300 자극으로 음절 순서에 따라 한글 구성 요소를 선택하며 종성 없음과 실행 취소를 지원한다.
sun2011design	ERPによる注音選択から繁体字候補を生成し、文字選択・ページ切替・削除を行う。	ERP 기반 주음 선택으로 번체 한자 후보를 생성하고 문자 선택·페이지 전환·삭제를 수행한다.
bi2012multilingual	タッチ配列の最適化に拼音のローマ字部分を含む。漢字候補段階は対象外で、ユーザー実験は英語で行う。	터치 배열 최적화에 병음의 로마자 부분을 포함한다. 한자 후보 단계는 제외하며 사용자 실험은 영어로 진행한다.
liang2012eye	視線で拼音キーと中国語句候補を選び、ページ切替・句読点・後退削除を操作する。	시선으로 병음 키와 중국어 구 후보를 선택하고 페이지 전환·문장 부호·백스페이스를 조작한다.
minett2012chinese	3段階のP300選択で構成要素から繁体字を合成する。実験では構成要素の誤りの修正を禁止した。	3단계 P300 선택으로 구성 요소를 조합해 번체 한자를 만든다. 실험에서는 구성 요소 오류 수정을 금지했다.
chen2013cursor	運動想像でカーソルを動かして拼音字母を選び、中国語IMEで漢字へ変換してメッセージを作る。	운동 상상으로 커서를 움직여 병음 글자를 선택하고 중국어 IME로 한자로 변환하여 메시지를 작성한다.
hagiwara2013koosho	空中で描く字母軌跡から格子を作り、子音の復号で漢字候補を生成する。利用者はタッチで検索語を確定する。	공중에 쓴 글자 궤적으로 격자를 만들고 자음 디코딩으로 한자 후보를 생성한다. 사용자는 터치로 검색어를 확정한다.
huang2013fastest	脳波で注音を選んでから漢字候補へ切り替える。報告実験は文全体ではなく項目選択を測定する。	뇌파로 주음을 선택한 뒤 한자 후보로 전환한다. 보고된 실험은 전체 문장 대신 항목 선택을 측정한다.
yu2016brain	P300で拼音の声母・韻母から頻度順の漢字へ進む。予測・ページ切替・修正の操作を備える。	P300으로 병음 성모·운모에서 빈도순 한자로 진행하며 예측·페이지 전환·수정을 지원한다.
han2017eighty	80標的の脳波スペラーでまず拼音範囲、次に同音漢字候補を選び、修正用の追加命令を備える。	80개 표적의 뇌파 스펠러에서 병음 범위를 고른 뒤 동음 한자 후보를 선택하며 추가 교정 명령을 지원한다.
gan2020air	連続した空中の中国語手書きを投影し、時間畳み込み・再帰モデル・言語モデルで文字列に復号する。	연속 공중 중국어 필기를 투영하고 시간 합성곱·순환 모델·언어 모델로 텍스트를 디코딩한다.
li2020approach	拼音構成要素の入力時に生じる誤り関連脳反応を検出する。最終漢字の自動修正は実証しない。	병음 구성 요소 입력 중 오류 관련 뇌 반응을 검출한다. 최종 한자 텍스트의 자동 교정은 입증하지 않는다.
shi2020steady	SSVEP画面で拼音入力と漢字候補選択を組み合わせ、ALS当事者の家庭内コミュニケーションを支援する。	SSVEP 인터페이스로 병음 입력과 한자 후보 선택을 결합하여 ALS 당사자의 가정 내 소통을 지원한다.
guo2021calibration	更新型P300分類器が指定された拼音と中国語単語の選択を支援し、既知の転記対象を報酬として用いる。	갱신형 P300 분류기가 지정된 병음과 중국어 단어 선택을 지원하며 알려진 전사 대상을 보상으로 사용한다.
ogata2021effectiveness	視線操作のローマ字キーから日本語の仮名をエディターへ送り、修飾と削除も行う。漢字変換は評価しない。	시선으로 조작하는 로마자 키로 일본어 가나를 편집기에 입력하며 수정 기호와 삭제를 지원한다. 한자 변환은 평가하지 않는다.
huang2022calibration	転移型P300分類器が指示入力で拼音の声母・韻母・声調を選ぶ。自由作文での修正は実証しない。	전이 기반 P300 분류기가 지정 입력에서 병음 성모·운모·성조를 선택한다. 자유 작문의 교정은 입증하지 않는다.
li2022practical	P300で拼音の声母と韻母を選び、続いて視線で同音字一覧から漢字を選ぶ。	P300으로 병음 성모와 운모를 선택한 뒤 시선 추적으로 동음자 목록에서 한자를 고른다.
tang2022interface	注視選択と修正を許可した日常文入力により、3種類の視線操作中国語キーボード配列を比較する。	응시 선택과 교정을 허용한 일상 문장 입력으로 세 가지 시선 제어 중국어 키보드 배열을 비교한다.
gao2024character	隠れマルコフモデルでP300スペラーの拼音記号列を修正する。最終漢字候補の確定は示さない。	은닉 마르코프 모델로 P300 스펠러의 병음 기호열을 교정한다. 최종 한자 후보 확정은 제시하지 않는다.
hosono2024segmentation	空中のひらがな軌跡を分割して文字列として認識し、固定された五十音列で評価する。	공중 히라가나 궤적을 분할하여 문자열로 인식하고 고정된 오십음도 순서로 평가한다.
tong2024eye	眼球運動で限定された中国語文字集合の筆画を描く。単字実験には一・十・床が含まれる。	눈 움직임으로 제한된 중국어 문자 집합의 획을 그린다. 단일 문자 실험에는 一·十·床이 포함된다.
yang2024reconstructing	外部から与えた筆画遷移を使い、脳信号から想像した中国語手書き軌跡を再構成して、テンプレートと言語モデルで復号する。	외부에서 주어진 획 전환을 사용하여 뇌 신호로 상상한 중국어 필기 궤적을 재구성하고 템플릿과 언어 모델로 디코딩한다.
wu2025mind	想像した手書きを個別の拼音構成要素へ分類する。同音字の選択と最終漢字の合成は評価しない。	상상한 필기를 개별 병음 구성 요소로 분류한다. 동음자 선택과 최종 한자 조합은 평가하지 않는다.
ahn2026cheonjiin	EEGで5種類のカーソル命令を選び、CheonjiinキーボードでHangulを合成する。命令精度と文字入力精度を区別する。	EEG로 다섯 가지 커서 명령을 선택하여 천지인 키보드에서 한글을 조합한다. 명령 정확도와 문자 입력 정확도를 구분한다.
li2026asynchronous	視線とP300で声母・韻母・漢字を選び、言語モデルの文脈予測で補う。	시선과 P300으로 성모·운모·한자를 선택하고 언어 모델의 문맥 예측으로 보완한다.
wang2026eeg	想像した中国語の筆画と拼音母音を記録したデータセットである。文字全体の合成やオンライン入力は実証しない。	상상한 중국어 획과 병음 모음을 기록한 데이터셋이다. 완전한 문자 조합이나 온라인 입력은 입증하지 않는다.
komiya2017japanese	VRで指の屈曲と伸展により子音と母音を選んで仮名を作り、別のジェスチャーで削除する。	VR에서 손가락 굽힘과 폄으로 자음과 모음을 선택해 가나를 만들고 별도 제스처로 삭제한다.
ogitani2018space	仮想12キーを空中または手のひら上のフリックで操作し、日本語の仮名と英語を入力する。	가상 12키를 공중 또는 손바닥 위 플릭으로 조작하여 일본어 가나와 영어를 입력한다.
yang2018interaction	ジェスチャー認識で筆記と移動を分け、投影した3次元軌跡を中国語手書き認識器へ渡す。	제스처 인식으로 필기와 위치 이동을 구분하고 투영된 3차원 궤적을 중국어 필기 인식기에 전달한다.
kato2023hover	手首カメラで空中の指先を検出し、腕を下げたまま滞留操作で仮名を選ぶ。	손목 카메라로 떠 있는 손끝을 감지하여 팔을 내린 상태에서 머무르기로 가나를 선택한다.
monobe2025research	VR仮名キーボードをタッチ・ピンチ・フリックで操作し、修飾と削除も行う。	터치·핀치·플릭으로 VR 가나 키보드를 조작하며 수정 기호와 삭제를 지원한다.
yuasa2025flickpose	片手でキー、もう片手の姿勢で記号を選ぶ。辞書による仮名漢字変換で日本語の文字列を作る。	한 손으로 키를 고르고 다른 손 자세로 문자를 선택한다. 사전 기반 가나–한자 변환으로 일본어 텍스트를 만든다.
chen2000statistical	統計的な拼音漢字変換に言語モデル、綴り誤りの許容、モード切替不要の英語入力を組み合わせる。	통계적 병음–한자 변환에 언어 모델, 철자 오류 허용, 모드 전환 없는 영어 입력을 결합한다.
wang2001chinese	単一漢字の書き取りで、キーボードと視線による中国語候補選択を比較する。	한자 한 글자 받아쓰기에서 키보드와 시선 기반 중국어 후보 선택을 비교한다.
liu2002approach	小容量の拼音変換器が実単語と人工的な語を学習し、声調付き拼音から漢字への変換を改善する。	소용량 병음 변환기가 실제 단어와 인공 단어 항목을 학습하여 성조 병음–한자 변환을 개선한다.
lo2002cross	クロスプラットフォームのエンジンが倉頡と簡略形状コード入力を示す。接頭部のヒント、番号付き候補、ブラウザーの字形画像を備える。	크로스 플랫폼 엔진으로 창힐과 간소화 형태 코드 입력을 제시한다. 접두 힌트, 번호 후보, 브라우저 글리프 이미지를 제공한다.
matic2002quickstroke	筆画を加えるたびに中国語手書き候補を更新し、文字を最後まで書く前に選択できる。	획을 추가할 때마다 중국어 필기 후보를 갱신하여 글자를 완성하기 전에 선택할 수 있다.
huang2004adaptive	圧縮に基づく統計モデルがニュースと物語の拼音漢字変換に適応する。1文字につき1つの読みを仮定する。	압축 기반 통계 모델이 뉴스와 이야기의 병음–한자 변환에 적응하며 글자당 하나의 발음을 가정한다.
xiaolong2004mining	コーパス文脈から学習したラフ集合規則で、分割済みの声調なし拼音を漢字へ変換する。解決できない場合は保留できる。	코퍼스 문맥에서 학습한 러프 집합 규칙으로 분할된 무성조 병음을 한자로 변환하며 미해결 사례는 보류한다.
ge2005online	手書きで漢字または拼音音節を受け付け、拼音と認識すると頻度順の漢字候補を開く。	한자나 병음 음절의 필기를 받아들이며 병음으로 인식되면 빈도순 한자 후보 목록을 연다.
lin2005graphics	中国語の筆画入力に使う図形的なキーラベルを、携帯入力と筆画・キー対応課題で比較する。	모바일 입력과 획–키 대응 과제로 중국어 획 입력용 그래픽 키 라벨을 비교한다.
tsai2005applying	混合単語対の識別器で変換済み中国語文の一部の語を置換し、音韻と分割の曖昧性を解く。	혼합 단어쌍 식별기로 변환된 중국어 문장의 일부 단어를 대체하여 발음 및 분할의 모호성을 해소한다.
tsai2005word	単語対の共起を使い、繁体字入力で声調付き・声調なし音節の曖昧性を解く。	단어쌍 공기를 활용하여 번체 한자 입력에서 성조 유무에 따른 음절의 모호성을 해소한다.
hsu2006spoken	文字の説明を発話して認識を制約し、注音による中国語入力を置換または候補の絞り込みで修正する。	글자 설명을 발화하여 인식을 제약하고 텍스트 대체나 후보 축소로 주음 기반 중국어 입력을 교정한다.
liu2006application	粗くまとめた拼音候補格子を語彙モデルで復号し、文法と意味情報で精密化する。	거칠게 축약한 병음 후보 격자를 어휘 모델로 디코딩한 뒤 문법과 의미 정보로 정교화한다.
tsai2006word	一致する複数音節の単語対から支持得点を計算し、置換候補を順位付けして中国語の音節・単語曖昧性を解く。	일치하는 다음절 단어쌍의 지지 점수로 대체 후보 순위를 매겨 중국어 음절–단어 모호성을 해소한다.
tseng2006chinese	先頭音韻記号だけを使う縮約入力を言語モデルの不確実性で評価する。復号した漢字入力は直接評価しない。	첫 음성 기호만 사용하는 축약 입력을 언어 모델의 불확실성으로 평가한다. 디코딩된 한자 입력은 직접 평가하지 않는다.
wang2006maximum	最大エントロピーモデルが近傍と遠方の音韻文脈を使い、声調なし拼音を1文字ずつ漢字へ変換する。	최대 엔트로피 모델이 근거리와 장거리 발음 문맥을 사용하여 무성조 병음을 한 글자씩 한자로 변환한다.
zhou2006improved	音声仮説と逐次追加する手書き筆画を併用し、各筆画の後に中国語文字候補を並べ替える。	음성 가설과 순차적으로 추가한 필기 획을 함께 사용하여 매 획 뒤 중국어 문자 후보 순위를 조정한다.
lin2007constructing	模擬筆画キーパッドで漢字の構成を試す。予測候補は対話的に選ばず、事後に分析する。	모의 획 키패드로 한자 구성을 시험한다. 예측 후보는 대화형으로 선택하지 않고 사후 분석한다.
liu2007chinese	携帯の拼音句入力で、直接の漢字候補選択と、明示的な拼音曖昧性解消段階を比較する。	모바일 병음 구 입력에서 직접 한자 후보 선택과 명시적인 병음 모호성 해소 단계를 비교한다.
ma2007line	手書き速記を声母・韻母の解釈へ認識する。拼音を介する漢字変換は今後の課題である。	필기 속기를 성모·운모 해석으로 인식한다. 병음을 거쳐 한자로 변환하는 과정은 향후 과제이다.
tung2007key	注音記号を少数のキーへ割り当て、繁体字選択のキー数と曖昧性のバランスを取る。	주음 기호를 적은 수의 키에 배정하여 번체 한자 선택의 키 수와 모호성 간 균형을 맞춘다.
xiao2007exploiting	拼音文脈で品詞を予測し、遷移と出力の得点と組み合わせて中国語文字列を復号する。	병음 문맥으로 품사를 예측하고 전이·방출 점수와 결합하여 중국어 시퀀스를 디코딩한다.
zhou2007segment	区間単位の隠れマルコフモデルが語彙確率と語をまたぐ文字確率を使い、連続拼音を漢字へ変換する。	구간 기반 은닉 마르코프 모델이 어휘 확률과 단어 간 문자 확률을 사용하여 연속 병음을 한자로 변환한다.
jiang2008multimodal	音声・キーパッドの頭文字・単語頻度を融合し、利用者が確定する中国語候補を生成する。	음성·키패드 첫 글자·단어 빈도를 융합하여 사용자가 확정할 중국어 후보를 생성한다.
lin2008novel	単語距離モデルで拼音を変換し、追加キー操作で誤った候補の位置を指定して置換する。	단어 거리 모델로 병음을 변환하고 추가 키 조작으로 잘못된 후보의 위치를 찾아 대체한다.
liu2008rotatxt	回転装置で拼音字母または声母・韻母の対を選び、続いて漢字候補を選ぶ。字母順と音韻順を比較する。	회전 장치로 병음 글자나 성모–운모 쌍을 선택한 뒤 한자 후보를 고르며 알파벳순과 음성순 배열을 비교한다.
wen2008ambiguity	照合規則と言語モデル得点で連続拼音の音節境界を決めてから、中国語単語へ変換する。	매칭 규칙과 언어 모델 점수로 연속 병음의 음절 경계를 정한 뒤 중국어 단어로 변환한다.
gong2009design	筆画列または部首・形状コードからUnicode拡張Bの漢字を検索する。	획 시퀀스나 부수·형태 코드로 유니코드 확장 B 한자를 검색한다.
jiang2009artificial	人工免疫ネットワークが拼音漢字の単語格子を採点し、系列復号と誤りに基づく更新を組み合わせる。	인공 면역 네트워크가 병음–한자 단어 격자에 점수를 부여하고 시퀀스 디코딩과 오류 기반 갱신을 결합한다.
li2009effect	読みを提示した単字の全拼音入力で、表示する漢字候補数を変えて比較する。	목표 발음을 제공한 단일 글자 전체 병음 입력에서 표시되는 한자 후보 수를 바꾸어 비교한다.
liu2009chinese	分割済みの文章から生成した拼音を、単語境界を与えた状態で中国語に戻す。	분할된 텍스트에서 생성한 병음을 단어 경계가 주어진 상태에서 중국어로 되돌린다.
liu2009immediate	中国語の短いメッセージを写す課題で、4種類の携帯タッチ入力方式を比較する。	중국어 짧은 메시지 전사 과제로 네 가지 휴대용 터치 입력 방식을 비교한다.
po2009six	最初の3画と最後の3画から6桁コードを作り、句コード・ワイルドカード・候補ページを備える。	처음 세 획과 마지막 세 획으로 6자리 코드를 만들며 구 코드·와일드카드·후보 페이지를 지원한다.
ren2009optimal	日本語と英数字の手書きで入力枠の大きさを比較する。認識は入力中でなく入力後に行う。	일본어와 영숫자 필기에서 입력 상자 크기를 비교한다. 인식은 입력 중이 아니라 입력 후에 수행한다.
tung2009modified	文字と一部の部首の音韻特徴を組み合わせ、中国語入力のコード衝突を減らす混合コードを作る。	글자와 일부 부수의 음성 특징을 결합하여 중국어 입력의 코드 충돌을 줄이려는 혼합 코드를 만든다.
wei2009applying	活動度と相関の得点で中国語の単語格子を復号し、フィードバックで正誤の経路を更新する。	활성도와 상관 점수로 중국어 단어 격자를 디코딩하고 피드백으로 올바른 경로와 오류 경로를 갱신한다.
wei2009linux	Linux/MiniGUIエンジンが拼音・形状・筆画方式の索引コードを中国語の文字や句に対応させる。	Linux/MiniGUI 엔진이 병음·형태·획 방식의 색인 코드를 중국어 문자와 구에 대응시킨다.
yan2009birth	携帯用部首キーパッドが空間的なグループ分け、筆画入力への切替、頻度順の漢字候補を組み合わせる。	모바일 부수 키패드가 공간적 그룹화, 획 입력 대안, 빈도순 한자 후보를 결합한다.
li2010prompting	数字リモコンから分野別辞書と全文検索を使い、中国語のテレビ検索語を取り出す。	숫자 리모컨에서 분야별 사전과 전문 검색으로 중국어 TV 검색어를 찾는다.
liu2010predicting	親指の移動と候補操作から携帯拼音入力時間を推定し、予測機能の有無を扱う。	엄지 이동과 후보 탐색으로 모바일 병음 입력 시간을 추정하며 예측 기능의 활성·비활성 조건을 다룬다.
niu2010stroke	タッチ入力で部首と筆画を組み合わせ、構成要素の順序を問わず漢字や句を選択できる。	터치 입력에서 부수와 획을 결합하여 구성 요소 순서와 무관하게 한자나 구를 선택한다.
wang2010improvement	キーボードで中国語候補の行・列を移動し、別のヒント領域に文脈に合う句を表示する。	키보드로 중국어 후보의 행과 열을 탐색하며 별도 힌트 영역에 문맥에 맞는 구를 표시한다.
zhou2010hit	中国語手書きコーパスが筆跡、分割、編集ジェスチャー、文書確認を記録する。認識出力の性能評価ではない。	중국어 필기 코퍼스가 펜 궤적·분할·편집 제스처·문서 검사를 기록한다. 인식 출력의 벤치마크는 수행하지 않는다.
lin2011auxiliary	既知の似た漢字を使い、形状類似検索からUnicode情報付きの希少字形を順位付きで取り出す。	알고 있는 유사한 한자를 사용하여 형태 유사도 검색으로 유니코드 정보가 포함된 희귀 글리프 순위를 얻는다.
liu2011user	利用者と語の関係、検索抜粋により関連語検索と分野語彙の拡張を支援する。直接の変換評価ではない。	사용자–단어 관계와 검색 발췌문으로 관련 단어 검색과 분야 어휘 확장을 지원하며 직접적인 변환 평가는 하지 않는다.
po2011dynamic	最初の3画・最後の3画のコードを使い、5筆画タッチキーの周囲の漢字候補を方向ジェスチャーで選ぶ。	처음 세 획·마지막 세 획 코드를 사용하여 5획 터치 키 주변의 한자 후보를 방향 제스처로 선택한다.
sha2011automatic	入力済みの中国語検索語を拼音へ戻し、トピック辞書と照合して綴り修正と補完を行う。	입력된 중국어 검색어를 병음으로 되돌려 주제 사전과 대조하여 철자 교정과 완성을 수행한다.
wong2011chinese	第二言語学習者が拼音・手書き・辞書ツールを自由に選んで中国語の文を作る。	제2언어 학습자가 병음·필기·사전 도구를 자유롭게 선택하여 중국어 글을 작성한다.
zheng2011chime	CHIMEは単語ごとに区切った拼音を一定の編集距離内で修正してから、中国語文字列に復号する。	CHIME은 단어별로 구분된 병음을 제한된 편집 거리 안에서 교정한 뒤 중국어 텍스트로 디코딩한다.
zheng2011why	拼音入力、確定済み漢字、後退削除のログから入力行動を調べ、修正前後の対を推定する。	병음 입력·확정 한자·백스페이스 기록을 분석하여 입력 행동을 연구하고 수정 전후 쌍을 추정한다.
zou2011overlapped	携帯上で重ね書きした中国語のインクを徐々に薄くし、最終文字列はオフラインで認識する。	휴대폰에서 겹쳐 쓴 중국어 잉크를 점차 흐리게 표시하며 최종 텍스트는 오프라인으로 인식한다.
liu2012pinyinpie	先頭字母のタップで円形メニューを開き、後続の拼音をジェスチャーで指定して既存の中国語IMEへ送る。	첫 글자를 탭하면 파이 메뉴가 열리며 후속 병음을 제스처로 지정하여 기존 중국어 IME에 전달한다.
masui2012enjoying	読みの接頭部から日本語単語と画像の混在候補を検索し、巡回と確定で選んだ項目を挿入する。	발음 접두부로 일본어 단어와 이미지의 혼합 후보를 검색하고 순환·확정으로 선택 항목을 삽입한다.
suzuki2012unified	後退削除から得た修正例で、拼音の綴り修正と漢字系列変換の統合モデルを学習する。	백스페이스에서 얻은 교정 사례로 병음 철자 교정과 한자 시퀀스 변환의 결합 모델을 학습한다.
wang2012approach	オンラインの中国語文手書きを分割と認識で共同処理し、ジェスチャーで分割・結合・候補修正を行う。	온라인 중국어 문장 필기를 공동 분할·인식하고 사용자 제스처로 분리·병합·후보 교정을 수행한다.
wang2012improving	音声とキー入力または手書きの拼音頭文字を組み合わせて中国語を予測し、模擬候補選択も扱う。	음성과 타이핑 또는 필기 병음 첫 글자를 결합하여 중국어를 예측하며 모의 후보 선택도 포함한다.
yang2012machine	句に基づく翻訳モデルが、対応付けた拼音音節を語順変更なしで中国語文へ写像する。	구 기반 번역 모델이 정렬된 병음 음절을 어순 변경 없이 중국어 문장으로 변환한다.
zhu2012design	組込みリモコンIMEで数字キーを拼音と漢字候補に対応させ、ページ切替と頻度適応を行う。	임베디드 리모컨 IME가 숫자 키를 병음과 한자 후보에 대응시키며 페이지 전환과 빈도 적응을 지원한다.
gao2013user	連絡先とメッセージの課題で、中国語・英語・数字・句読点が混在する携帯手書き入力を調べる。	연락처와 메시지 과제로 중국어·영어·숫자·문장 부호가 섞인 모바일 필기 입력을 연구한다.
jia2013kyss	KySSは拼音入力の固定コストを除き、中国語IMEの候補選択とページ切替の負担を評価する。	KySS는 병음 타이핑의 고정 비용을 제외하고 중국어 IME의 후보 선택과 페이지 전환 부담을 평가한다.
li2013mutual	相互情報量で拼音漢字復号の語彙単位を選び、通常の単語以外の有用な連語も含める。	상호 정보량으로 병음–한자 디코딩의 어휘 단위를 선택하며 일반 단어 외의 유용한 연어도 포함한다.
liu2013investigating	子どもが注音で繁体字入力を練習し、練習時間と読み書き能力が入力成績にどう関係するかを調べる。	아동이 주음으로 번체 한자 입력을 연습하며 연습 시간과 문해력이 입력 성과에 미치는 관계를 조사한다.
petrovi2013metoda	5種の筆画による数字入力で最初の4画と最終画を使い、中国・日本の字体と地域別筆順を比較する。	5종 획 기반 숫자 입력에 처음 네 획과 마지막 획을 사용하며 중국·일본 글자 형태와 지역별 획순을 비교한다.
po2013radical	動的タッチキーで部首と残りの筆画を選び、方向スワイプで繁体字候補を選択する。	동적 터치 키패드에서 부수와 나머지 획을 고른 뒤 방향 스와이프로 번체 한자 후보를 선택한다.
tan2013china	子どもの読解と自己申告による拼音・手書き経験の関係を調べる。入力方式の介入を割り当てる研究ではない。	아동의 읽기와 자기보고 병음·필기 경험의 관계를 조사하며 입력 방식 중재를 배정한 연구는 아니다.
tu2013optimal	入力サイズを変えて中国語手書きを試す。認識失敗時は正しい文字が得られるまで書き直す。	입력 크기를 바꾸어 중국어 필기를 시험하며 인식에 실패하면 올바른 글자가 나올 때까지 다시 쓴다.
jia2014joint	統合グラフが拼音分割、誤入力の代替、漢字単語確率を組み合わせ、順位付き変換候補を生成する。	결합 그래프가 병음 분할·오타 대안·한자 단어 확률을 통합하여 순위가 매겨진 변환 후보를 생성한다.
niu2014stroke	Stroke++はタッチ面で部首と筆画を組み合わせ、順序なし照合、順位付き句、句境界操作を備える。	Stroke++는 터치면에서 부수와 획을 결합하며 순서 없는 매칭, 순위별 구, 구 경계 제어를 지원한다.
sim2014multimodal	書き始めの筆画、空間配置、任意の音声を併用して漢字と中国語単語を予測する。	초기 필기 획, 공간 배열, 선택적 음성을 함께 사용하여 한자와 중국어 단어를 예측한다.
yang2014chinese	既入力の中国語文字列を保存し、共通文字でつなぎ替えて補完経路を提案する。	이미 입력된 중국어 문자열을 저장하고 공통 글자에서 재결합하여 완성 경로를 제안한다.
anon2015smart	声調なしの客家語ローマ字を繁体字へ変換し、予測・個人辞書・音声フィードバックを備える。	무성조 하카어 로마자를 번체 한자로 변환하며 예측·사용자 사전·음성 피드백을 지원한다.
chen2015neural	オフラインのニューラルモデルでN-gram確率を修正する。実行時の漢字変換はバックオフ言語モデルとViterbi復号を用いる。	오프라인 신경 모델로 N-gram 확률을 수정하며 실행 중 한자 변환에는 백오프 언어 모델과 Viterbi 디코딩을 사용한다.
huang2015input	人間の翻訳者が中国語を書く際に、機械翻訳の仮説で拼音復号と次の句の提案を支援する。	사람 번역가가 중국어를 작성할 때 기계 번역 가설로 병음 디코딩과 다음 구 제안을 지원한다.
lin2015investigation	物理キー・タッチ面・両者の組合せによる携帯画面で、繁体字の注音入力を比較する。	물리 키·터치스크린·결합 모바일 인터페이스에서 번체 한자 주음 입력을 비교한다.
gong2016leveraging	患者安全の叙述入力中に、事例別辞書と拼音検索から中国語の臨床表現を提案する。	환자 안전 서술 입력 중 사례별 사전과 병음 검색으로 중국어 임상 표현을 제안한다.
wu2016study	10キーの拼音タッチ画面について、配置・色・キー状態・寸法を調べる。	10키 병음 터치 인터페이스의 배열·색·키 상태·치수를 연구한다.
xiao2016pinyin	拼音変換が中国語単語と一意の語義IDを同時に出力し、エディターで定義を表示できる。	병음 변환이 중국어 단어와 고유 의미 ID를 함께 출력하며 편집기에서 정의를 표시할 수 있다.
zhu2016word	学習者が拼音ワープロまたは紙と鉛筆で中国語作文を行う。評価対象は認識ではなく作文である。	학습자가 병음 워드프로세서나 종이와 연필로 중국어 작문을 하며 인식 대신 작문을 평가한다.
chen2017effect	認識判断課題で中国語の意味・音韻・拼音経験の関係を調べる。文字入力課題は行わない。	인식 판단 과제로 중국어 의미·음운·병음 경험의 관계를 조사하며 텍스트 입력 과제는 수행하지 않는다.
chen2017role	入力枠位置と画面サイズを変え、中国語単字手書きの指・親指・スタイラス入力を比較する。	입력 상자 위치와 화면 크기를 바꾸며 중국어 단일 문자 필기의 손가락·엄지·스타일러스 입력을 비교한다.
huang2017research	携帯端末で客家語ローマ字を繁体字へ変換し、音声合成で出力のフィードバックを行う。	모바일 기기에서 하카어 로마자를 번체 한자로 변환하며 음성 합성으로 출력 피드백을 제공한다.
huang2017researchb	四県客家語の携帯IMEが声調なし変換、次語予測、個人設定、音声フィードバックを組み合わせる。	쓰셴 하카어 모바일 IME가 무성조 변환·다음 단어 예측·개인 설정·음성 피드백을 결합한다.
huang2018chinese	ニューラル拼音漢字モデルが文脈を使い、入力接頭部で直接指定される文字より先まで補完する。	신경 병음–한자 모델이 문맥으로 입력 접두부가 직접 나타내는 글자 이후의 텍스트까지 완성한다.
huang2018moon	Moon IMEがニューラル拼音変換、設定可能な連想、後続予測、中国語から英語への支援を組み合わせる。	Moon IME가 신경 병음 변환·설정 가능한 연상·후속 예측·중국어–영어 지원을 결합한다.
huang2018research	客家語ローマ字または標準中国語の注音から客家語文を作る。使えない字形は拼音で表し、音声で確認する。	하카어 로마자나 표준 중국어 주음으로 하카어 텍스트를 만든다. 사용할 수 없는 글리프는 병음으로 표시하며 음성 피드백을 제공한다.
ji2018knowledge	知識に基づく修正で誤入力や省略された拼音を扱い、意図された漢字列を復元する。	지식 기반 교정으로 오타나 축약 병음을 처리하여 의도한 한자열을 복원한다.
meng2018smart	iOSキーボード上のスライド軌跡をサーバーへ送り、拼音の解釈と漢字変換を行う。	iOS 키보드의 슬라이딩 궤적을 서버로 보내 병음을 해석하고 한자로 변환한다.
ruan2018comparing	英語と標準中国語の短文で音声入力とキー入力を比較し、音声認識後にキーボードで修正できる。	영어와 표준 중국어의 짧은 메시지에서 음성과 키보드 입력을 비교하며 음성 인식 후 키보드 교정을 허용한다.
tian2018visor	IM-VisorはAndroidの第三者IMEから機密キー入力を保護する。評価課題はラテン文字入力であり漢字変換ではない。	IM-Visor는 Android의 제3자 IME로부터 민감한 키 입력을 보호한다. 평가 과제는 라틴 문자 입력이며 한자 변환이 아니다.
yang2019testime	TestIMEが電子診療記録の正確な転記で中国語入力エンジンを比較し、文字の相違の修正を求める。	TestIME이 전자의무기록의 정확한 전사로 중국어 입력 엔진을 비교하며 문자 차이의 교정을 요구한다.
yao2019enabling	逐次的な語彙制限でニューラル復号のコストを減らし、ローマ字由来の仮名を日本語の語格子候補へ変換する。	점진적 어휘 제한으로 신경 디코딩 비용을 줄이며 로마자에서 나온 가나를 일본어 단어 격자 후보로 변환한다.
yao2019seeime	学習者向け携帯IMEが混合拼音コードを使い、拼音・漢字・英語を一緒に表示する。	학습자용 모바일 IME가 혼합 병음 코드를 사용하여 병음·한자·영어를 함께 표시한다.
zhang2019open	開語彙ニューラルIMEがニュースと過去のチャットを使う模擬拼音変換中に、新しい中国語単語を学習する。	개방 어휘 신경 IME가 뉴스와 과거 채팅 자료의 모의 병음 변환 중 새로운 중국어 단어를 학습한다.
zhang2019smarthandwriting	紙に漢字を書く際の加速度と回転を腕時計で測り、認識ラベルを生成する。	종이에 한자를 쓰는 동안 스마트워치로 가속도와 회전을 감지하여 인식 라벨을 생성한다.
cao2020evaluation	中国語と日本語の模擬診療会話をIMEへ口述し、メモアプリに転記する。	중국어와 일본어의 모의 진료 대화를 IME에 구술하여 메모 앱에 전사한다.
ding2020design	眼書き信号から少数の簡体字を入力し、校正と確定・取り消し操作を備える。	눈으로 쓰는 신호로 소수의 간체 한자를 입력하며 보정과 확인·취소를 지원한다.
li2020influence	修正可能な中英混在短文の入力で、携帯の持ち方・環境・タップ配列を比較する。	교정을 허용한 중국어·영어 혼합 짧은 메시지 입력에서 휴대폰 자세·환경·탭 배열을 비교한다.
liu2020stroke	筆順依存のニューラルネットワークで手書き単字を分類する。実時間の候補や修正画面は試さない。	획 순서 의존 신경망으로 고립된 필기 한자를 분류하며 실시간 후보나 교정 인터페이스는 시험하지 않는다.
yang2020subsequent	入力済みの中国語文脈から深層強化学習で語を推薦する。特定の拼音・形状コード画面は評価しない。	입력된 중국어 문맥 뒤에 심층 강화학습으로 단어를 추천하며 특정 병음·형태 코드 인터페이스는 평가하지 않는다.
zhang2020user	携帯IMEのスキンの外観を利用者が評価する。文字入力性能ではなく視覚的な好みを扱う。	사용자가 모바일 IME 스킨의 외관을 평가하며 문자 입력 성능 대신 시각적 선호를 다룬다.
zhou2020children	読解と文字判断から子どもの拼音入力経験との関連を調べる。スキャン中はタイピングしない。	읽기와 문자 판단 과제로 아동의 병음 입력 경험과의 관계를 조사하며 스캔 중에는 타이핑하지 않는다.
jiang2022adaptive	表現類似度によりニュース・チャット・法律・医療の拼音変換を適応させ、模擬的な分野の逐次変化で評価する。	표현 유사도로 뉴스·채팅·법률·의료의 병음 변환을 적응시키고 모의 순차적 분야 전환에서 평가한다.
li2022fast	既存データセットから構成した手書き列で、空間・文脈のニューラル特徴を用いて漢字を認識する。	기존 데이터셋으로 구성한 필기 시퀀스에서 공간·문맥 신경 특징을 사용하여 한자를 인식한다.
tan2022exploring	PinyinGPTが文脈付きの全拼音または省略拼音へ中国語生成を適応させる。混合形式と誤入力修正は未実装である。	PinyinGPT가 문맥이 있는 전체 또는 축약 병음에 중국어 생성을 적응시킨다. 혼합 형태와 오타 교정은 구현되지 않았다.
xiong2022pinyin	自己注意で文単位の拼音をニュース・医療分野の中国語へ変換し、理想化した文字編集で評価する。	자기 주의로 문장 단위 병음을 뉴스·의료 분야 중국어로 변환하며 이상화된 문자 편집으로 평가한다.
li2023less	臨床提案ツールが既存IMEと並んで中国語医療文を提案し、それぞれの候補を別のキーで受け入れる。	임상 제안 도구가 기존 IME와 함께 중국어 의료 텍스트를 제안하며 각 출처의 후보를 서로 다른 키로 수락한다.
luo2023internet	インターネット利用と拼音習熟の質問紙指標を中国語の綴り課題と関連付ける。実測入力速度は扱わない。	인터넷 사용과 병음 숙련도 설문 지표를 중국어 철자 검사와 연결하며 실제 타이핑 속도는 측정하지 않는다.
ding2024generative	GeneInputが全拼音・省略・誤入力の変換と文章継続・書換えを生成型入力の枠組みに統合する。	GeneInput이 전체·축약·오타 병음 변환과 이어 쓰기·재작성을 생성형 입력 체계에 통합한다.
guo2024optimization	CN-T9が数字拼音キーボードを再配置して中国語入力の配列を改善する。製品実装は今後の課題である。	CN-T9가 숫자 병음 키보드를 재배열하여 중국어 입력 배열을 개선한다. 제품 구현은 향후 과제로 논의한다.
knockel2024silent	ネットワークセキュリティ検査で中国語IMEのクラウド拼音通信を調べる。変換精度や入力速度の評価ではない。	네트워크 보안 시험으로 중국어 IME의 클라우드 병음 트래픽을 조사하며 변환 정확도나 타이핑 속도를 평가하지 않는다.
sun2024exploring	条件付き変分Transformerが、曖昧な9キー・26キー拼音入力に対する複数の中国語出力をモデル化する。	조건부 변분 Transformer가 모호한 9키·26키 병음 입력에 대한 여러 중국어 출력을 모델링한다.
chen2025investigating	CATIAが直近の画面文脈から中国語の意図と文を提案し、利用者が修正・再生成してアプリへ挿入する。	CATIA가 최근 화면 문맥으로 중국어 의도와 텍스트를 제안하며 사용자가 수정·재생성하여 앱에 삽입한다.
peng2025enhancing	拼音エンコーダーが正しく分割された誤りのない拼音でGPT漢字変換を条件付け、文字復号を制約する。	병음 인코더가 올바르게 분할된 오류 없는 병음으로 GPT 한자 변환을 조건화하며 문자 디코딩을 제약한다.
zhang2026tone	VRで無音の唇運動とタッチパッドの声調ジェスチャーを融合し、音声入力なしで標準中国語の漢字列を生成する。	VR에서 무음 입술 움직임과 터치패드 성조 제스처를 융합하여 음향 음성 입력 없이 표준 중국어 한자 텍스트를 생성한다.
