id,views,basis,contributionType,evaluationType
ezaki2000pen,algorithms | interaction,joint_model_and_input_system,system,corpus_benchmark
luk2000digital,interaction,input_control_user_or_evaluation_evidence,system,design_only
lin2006design,interaction,input_control_user_or_evaluation_evidence,system,lab_user_study
lin2008designing,interaction,input_control_user_or_evaluation_evidence,system,lab_user_study
fu2009fast,algorithms | interaction,joint_model_and_input_system,system,corpus_benchmark
kotani2010japanese,interaction,input_control_user_or_evaluation_evidence,system,lab_user_study
minett2010assistive,interaction,input_control_user_or_evaluation_evidence,system,lab_user_study
wang2010accurate,algorithms | interaction,joint_model_and_input_system,technique,corpus_benchmark
kotani2011proficiency,interaction,input_control_user_or_evaluation_evidence,evaluation,lab_user_study
wu2012text,interaction,input_control_user_or_evaluation_evidence,user-study,lab_user_study
hamano2013usability,interaction,input_control_user_or_evaluation_evidence,evaluation,lab_user_study
miura2014usage,interaction,input_control_user_or_evaluation_evidence,user-study,field_study
shoji2014japanese,interaction,input_control_user_or_evaluation_evidence,system,simulation
zhou2014older,interaction,input_control_user_or_evaluation_evidence,user-study,lab_user_study
lin2015designs,interaction,input_control_user_or_evaluation_evidence,system,lab_user_study
tang2015touch,interaction,input_control_user_or_evaluation_evidence,user-study,lab_user_study
wang2015preliminary,interaction,input_control_user_or_evaluation_evidence,user-study,field_study
xie2017attitude,interaction,input_control_user_or_evaluation_evidence,user-study,lab_user_study
jabeen2018sak,interaction,input_control_user_or_evaluation_evidence,system,lab_user_study
jabeen2019modeling,interaction,input_control_user_or_evaluation_evidence,technique,lab_user_study
liao2019enabling,interaction,input_control_user_or_evaluation_evidence,user-study,field_study
lv2019brain,interaction,input_control_user_or_evaluation_evidence,system,lab_user_study
shi2019vipboard,algorithms | interaction,joint_model_and_input_system,system,lab_user_study
yu2019asynchronous,algorithms | interaction,joint_model_and_input_system,technique,lab_user_study
han2020write,interaction,input_control_user_or_evaluation_evidence,system,lab_user_study
wang2020effects,interaction,input_control_user_or_evaluation_evidence,user-study,lab_user_study
sun2022design,interaction,input_control_user_or_evaluation_evidence,system,design_only
weng2022establishment,interaction,input_control_user_or_evaluation_evidence,system,lab_user_study
young2023enabling,interaction,input_control_user_or_evaluation_evidence,user-study,field_study
chen2024handwriting,interaction,input_control_user_or_evaluation_evidence,user-study,lab_user_study
nonoka2024study,interaction,input_control_user_or_evaluation_evidence,system,lab_user_study
ahn2025rectus,interaction,input_control_user_or_evaluation_evidence,system,lab_user_study
liu2025influence,interaction,input_control_user_or_evaluation_evidence,user-study,lab_user_study
fukushima2000online,algorithms,conversion_recognition_data_or_infrastructure,technique,corpus_benchmark
ichimura2000kana,algorithms,conversion_recognition_data_or_infrastructure,system,corpus_benchmark
tokuno2002context,algorithms,conversion_recognition_data_or_infrastructure,technique,corpus_benchmark
ren2003candidate,interaction,input_control_user_or_evaluation_evidence,evaluation,lab_user_study
houser2004japanese,interaction,input_control_user_or_evaluation_evidence,user-study,lab_user_study
huang2004statistical,algorithms,conversion_recognition_data_or_infrastructure,technique,corpus_benchmark
sato2004menu,interaction,input_control_user_or_evaluation_evidence,system,lab_user_study
komatsu2005corpus,algorithms | interaction,joint_model_and_input_system,technique,field_study
araki2006evaluation,algorithms,conversion_recognition_data_or_infrastructure,evaluation,corpus_benchmark
araki2006evaluationb,algorithms,conversion_recognition_data_or_infrastructure,evaluation,corpus_benchmark
doo2006korean,interaction,input_control_user_or_evaluation_evidence,technique,simulation
itoh2006comparative,interaction,input_control_user_or_evaluation_evidence,evaluation,lab_user_study
ota2007online,algorithms,conversion_recognition_data_or_infrastructure,technique,corpus_benchmark
sakurada2007japanese,interaction,input_control_user_or_evaluation_evidence,system,lab_user_study
sano2007recognition,algorithms,conversion_recognition_data_or_infrastructure,technique,heuristic
tonouchi2007text,interaction,input_control_user_or_evaluation_evidence,system,lab_user_study
ehara2008multilingual,algorithms,conversion_recognition_data_or_infrastructure,system,corpus_benchmark
go2008itone,interaction,input_control_user_or_evaluation_evidence,system,lab_user_study
ilinkin2008design,interaction,input_control_user_or_evaluation_evidence,system,lab_user_study
mladenov2008integrated,algorithms | interaction,joint_model_and_input_system,system,design_only
miyao2009writer,algorithms,conversion_recognition_data_or_infrastructure,technique,corpus_benchmark
shin2009multi,interaction,input_control_user_or_evaluation_evidence,system,lab_user_study
ilinkin2010evaluation,interaction,input_control_user_or_evaluation_evidence,evaluation,lab_user_study
kato2010kana,algorithms,conversion_recognition_data_or_infrastructure,technique,corpus_benchmark
kimioka2011niboshi,interaction,input_control_user_or_evaluation_evidence,system,lab_user_study
ikegami2012modeless,algorithms | interaction,joint_model_and_input_system,technique,corpus_benchmark
fukatsu2013look,interaction,input_control_user_or_evaluation_evidence,system,lab_user_study
go2013designing,interaction,input_control_user_or_evaluation_evidence,technique,design_only
kim2013hybrid,interaction,input_control_user_or_evaluation_evidence,evaluation,lab_user_study
wu2013web,algorithms,conversion_recognition_data_or_infrastructure,technique,corpus_benchmark
ashitaka2014acquisition,interaction,input_control_user_or_evaluation_evidence,user-study,lab_user_study
higashida2015one,interaction,input_control_user_or_evaluation_evidence,technique,corpus_benchmark
ikegami2015hybrid,algorithms | interaction,joint_model_and_input_system,technique,lab_user_study
matsuhara2015efficient,algorithms,conversion_recognition_data_or_infrastructure,technique,corpus_benchmark
park2015enhanced,interaction,input_control_user_or_evaluation_evidence,user-study,lab_user_study
lee2016complete,interaction,input_control_user_or_evaluation_evidence,technique,design_only
han2017mid,interaction,input_control_user_or_evaluation_evidence,system,lab_user_study
ikegami2017flick,algorithms | interaction,joint_model_and_input_system,system,lab_user_study
ilinkin2017evaluation,interaction,input_control_user_or_evaluation_evidence,evaluation,lab_user_study
shin2017non,interaction,input_control_user_or_evaluation_evidence,system,lab_user_study
nguyen2018online,algorithms,conversion_recognition_data_or_infrastructure,technique,corpus_benchmark
takei2018button,interaction,input_control_user_or_evaluation_evidence,system,lab_user_study
tojo2018bubbleflick,interaction,input_control_user_or_evaluation_evidence,system,lab_user_study
tanaka2019micro,interaction,input_control_user_or_evaluation_evidence,system,lab_user_study
toba2019efficient,interaction,input_control_user_or_evaluation_evidence,system,lab_user_study
nakamura2020japanese,interaction,input_control_user_or_evaluation_evidence,technique,lab_user_study
sato2020homonym,algorithms,conversion_recognition_data_or_infrastructure,technique,corpus_benchmark
nakamura2021bimanual,interaction,input_control_user_or_evaluation_evidence,technique,lab_user_study
takahashi2021japanese,interaction,input_control_user_or_evaluation_evidence,system,lab_user_study
yokoyama2021joyflick,interaction,input_control_user_or_evaluation_evidence,technique,lab_user_study
ikegami2024fast,algorithms | interaction,joint_model_and_input_system,technique,lab_user_study
sarhangzadeh2024alignment,algorithms,conversion_recognition_data_or_infrastructure,technique,corpus_benchmark
wada2025flick,interaction,input_control_user_or_evaluation_evidence,technique,lab_user_study
kishi2026proposal,interaction,input_control_user_or_evaluation_evidence,technique,lab_user_study
mokuya2026japanese,interaction,input_control_user_or_evaluation_evidence,system,lab_user_study
takeuchi2026kuchimoji,algorithms | interaction,joint_model_and_input_system,system,lab_user_study
tanakaishii2002entering,interaction,input_control_user_or_evaluation_evidence,technique,lab_user_study
kurihara2006speech,interaction,input_control_user_or_evaluation_evidence,system,lab_user_study
hatano2009japanese,interaction,input_control_user_or_evaluation_evidence,system,lab_user_study
li2009bci,interaction,input_control_user_or_evaluation_evidence,system,lab_user_study
jin2010chinese,interaction,input_control_user_or_evaluation_evidence,system,lab_user_study
kotani2010design,interaction,input_control_user_or_evaluation_evidence,system,lab_user_study
lee2011hangul,interaction,input_control_user_or_evaluation_evidence,system,lab_user_study
sun2011design,interaction,input_control_user_or_evaluation_evidence,system,lab_user_study
bi2012multilingual,interaction,input_control_user_or_evaluation_evidence,technique,lab_user_study
liang2012eye,interaction,input_control_user_or_evaluation_evidence,user-study,lab_user_study
minett2012chinese,interaction,input_control_user_or_evaluation_evidence,system,lab_user_study
chen2013cursor,interaction,input_control_user_or_evaluation_evidence,system,lab_user_study
hagiwara2013koosho,algorithms | interaction,joint_model_and_input_system,system,lab_user_study
huang2013fastest,interaction,input_control_user_or_evaluation_evidence,system,lab_user_study
yu2016brain,interaction,input_control_user_or_evaluation_evidence,system,lab_user_study
han2017eighty,interaction,input_control_user_or_evaluation_evidence,system,lab_user_study
gan2020air,algorithms,conversion_recognition_data_or_infrastructure,system,corpus_benchmark
li2020approach,algorithms | interaction,joint_model_and_input_system,technique,lab_user_study
shi2020steady,interaction,input_control_user_or_evaluation_evidence,system,lab_user_study
guo2021calibration,algorithms | interaction,joint_model_and_input_system,system,lab_user_study
ogata2021effectiveness,interaction,input_control_user_or_evaluation_evidence,evaluation,lab_user_study
huang2022calibration,algorithms | interaction,joint_model_and_input_system,technique,lab_user_study
li2022practical,interaction,input_control_user_or_evaluation_evidence,system,lab_user_study
tang2022interface,interaction,input_control_user_or_evaluation_evidence,technique,lab_user_study
gao2024character,algorithms | interaction,joint_model_and_input_system,technique,lab_user_study
hosono2024segmentation,algorithms,conversion_recognition_data_or_infrastructure,technique,corpus_benchmark
tong2024eye,interaction,input_control_user_or_evaluation_evidence,system,lab_user_study
yang2024reconstructing,algorithms | interaction,joint_model_and_input_system,system,lab_user_study
wu2025mind,algorithms | interaction,joint_model_and_input_system,system,lab_user_study
ahn2026cheonjiin,algorithms | interaction,joint_model_and_input_system,system,lab_user_study
li2026asynchronous,algorithms | interaction,joint_model_and_input_system,system,lab_user_study
wang2026eeg,algorithms,conversion_recognition_data_or_infrastructure,other,corpus_benchmark
komiya2017japanese,interaction,input_control_user_or_evaluation_evidence,system,lab_user_study
ogitani2018space,interaction,input_control_user_or_evaluation_evidence,system,lab_user_study
yang2018interaction,algorithms | interaction,joint_model_and_input_system,system,corpus_benchmark
kato2023hover,interaction,input_control_user_or_evaluation_evidence,system,lab_user_study
monobe2025research,interaction,input_control_user_or_evaluation_evidence,technique,lab_user_study
yuasa2025flickpose,algorithms | interaction,joint_model_and_input_system,system,lab_user_study
chen2000statistical,algorithms,conversion_recognition_data_or_infrastructure,technique,corpus_benchmark
wang2001chinese,interaction,input_control_user_or_evaluation_evidence,user-study,lab_user_study
liu2002approach,algorithms,conversion_recognition_data_or_infrastructure,technique,corpus_benchmark
lo2002cross,algorithms | interaction,joint_model_and_input_system,system,system_benchmark
matic2002quickstroke,algorithms | interaction,joint_model_and_input_system,technique,corpus_benchmark
huang2004adaptive,algorithms,conversion_recognition_data_or_infrastructure,technique,corpus_benchmark
xiaolong2004mining,algorithms,conversion_recognition_data_or_infrastructure,technique,corpus_benchmark
ge2005online,algorithms | interaction,joint_model_and_input_system,system,corpus_benchmark
lin2005graphics,interaction,input_control_user_or_evaluation_evidence,user-study,lab_user_study
tsai2005applying,algorithms,conversion_recognition_data_or_infrastructure,technique,corpus_benchmark
tsai2005word,algorithms,conversion_recognition_data_or_infrastructure,technique,corpus_benchmark
hsu2006spoken,algorithms | interaction,joint_model_and_input_system,technique,lab_user_study
liu2006application,algorithms,conversion_recognition_data_or_infrastructure,technique,corpus_benchmark
tsai2006word,algorithms,conversion_recognition_data_or_infrastructure,technique,corpus_benchmark
tseng2006chinese,algorithms,conversion_recognition_data_or_infrastructure,technique,corpus_benchmark
wang2006maximum,algorithms,conversion_recognition_data_or_infrastructure,technique,corpus_benchmark
zhou2006improved,algorithms | interaction,joint_model_and_input_system,technique,corpus_benchmark
lin2007constructing,interaction,input_control_user_or_evaluation_evidence,user-study,lab_user_study
liu2007chinese,interaction,input_control_user_or_evaluation_evidence,evaluation,lab_user_study
ma2007line,algorithms,conversion_recognition_data_or_infrastructure,technique,corpus_benchmark
tung2007key,interaction,input_control_user_or_evaluation_evidence,technique,simulation
xiao2007exploiting,algorithms,conversion_recognition_data_or_infrastructure,technique,corpus_benchmark
zhou2007segment,algorithms,conversion_recognition_data_or_infrastructure,technique,corpus_benchmark
jiang2008multimodal,algorithms | interaction,joint_model_and_input_system,technique,lab_user_study
lin2008novel,algorithms | interaction,joint_model_and_input_system,technique,corpus_benchmark
liu2008rotatxt,interaction,input_control_user_or_evaluation_evidence,system,lab_user_study
wen2008ambiguity,algorithms,conversion_recognition_data_or_infrastructure,technique,corpus_benchmark
gong2009design,algorithms | interaction,joint_model_and_input_system,system,system_benchmark
jiang2009artificial,algorithms,conversion_recognition_data_or_infrastructure,technique,corpus_benchmark
li2009effect,interaction,input_control_user_or_evaluation_evidence,user-study,lab_user_study
liu2009chinese,algorithms,conversion_recognition_data_or_infrastructure,technique,corpus_benchmark
liu2009immediate,interaction,input_control_user_or_evaluation_evidence,user-study,lab_user_study
po2009six,interaction,input_control_user_or_evaluation_evidence,technique,corpus_benchmark
ren2009optimal,interaction,input_control_user_or_evaluation_evidence,user-study,lab_user_study
tung2009modified,interaction,input_control_user_or_evaluation_evidence,technique,lab_user_study
wei2009applying,algorithms,conversion_recognition_data_or_infrastructure,technique,corpus_benchmark
wei2009linux,algorithms | interaction,joint_model_and_input_system,system,design_only
yan2009birth,interaction,input_control_user_or_evaluation_evidence,system,lab_user_study
li2010prompting,algorithms | interaction,joint_model_and_input_system,technique,design_only
liu2010predicting,interaction,input_control_user_or_evaluation_evidence,evaluation,lab_user_study
niu2010stroke,interaction,input_control_user_or_evaluation_evidence,technique,lab_user_study
wang2010improvement,interaction,input_control_user_or_evaluation_evidence,technique,design_only
zhou2010hit,algorithms,conversion_recognition_data_or_infrastructure,other,corpus_benchmark
lin2011auxiliary,algorithms | interaction,joint_model_and_input_system,system,lab_user_study
liu2011user,algorithms,conversion_recognition_data_or_infrastructure,user-study,corpus_benchmark
po2011dynamic,interaction,input_control_user_or_evaluation_evidence,system,lab_user_study
sha2011automatic,algorithms | interaction,joint_model_and_input_system,technique,field_study
wong2011chinese,interaction,input_control_user_or_evaluation_evidence,user-study,field_study
zheng2011chime,algorithms,conversion_recognition_data_or_infrastructure,system,corpus_benchmark
zheng2011why,interaction,input_control_user_or_evaluation_evidence,user-study,field_study
zou2011overlapped,interaction,input_control_user_or_evaluation_evidence,technique,lab_user_study
liu2012pinyinpie,interaction,input_control_user_or_evaluation_evidence,system,lab_user_study
masui2012enjoying,interaction,input_control_user_or_evaluation_evidence,system,design_only
suzuki2012unified,algorithms,conversion_recognition_data_or_infrastructure,technique,corpus_benchmark
wang2012approach,algorithms | interaction,joint_model_and_input_system,technique,corpus_benchmark
wang2012improving,algorithms | interaction,joint_model_and_input_system,technique,lab_user_study
yang2012machine,algorithms,conversion_recognition_data_or_infrastructure,technique,corpus_benchmark
zhu2012design,algorithms | interaction,joint_model_and_input_system,system,design_only
gao2013user,interaction,input_control_user_or_evaluation_evidence,user-study,lab_user_study
jia2013kyss,interaction,input_control_user_or_evaluation_evidence,evaluation,corpus_benchmark
li2013mutual,algorithms,conversion_recognition_data_or_infrastructure,technique,corpus_benchmark
liu2013investigating,interaction,input_control_user_or_evaluation_evidence,user-study,field_study
petrovi2013metoda,interaction,input_control_user_or_evaluation_evidence,user-study,field_study
po2013radical,interaction,input_control_user_or_evaluation_evidence,system,lab_user_study
tan2013china,interaction,input_control_user_or_evaluation_evidence,user-study,field_study
tu2013optimal,interaction,input_control_user_or_evaluation_evidence,user-study,lab_user_study
jia2014joint,algorithms,conversion_recognition_data_or_infrastructure,technique,corpus_benchmark
niu2014stroke,interaction,input_control_user_or_evaluation_evidence,system,lab_user_study
sim2014multimodal,algorithms | interaction,joint_model_and_input_system,technique,simulation
yang2014chinese,algorithms | interaction,joint_model_and_input_system,technique,lab_user_study
anon2015smart,algorithms | interaction,joint_model_and_input_system,system,corpus_benchmark
chen2015neural,algorithms,conversion_recognition_data_or_infrastructure,technique,corpus_benchmark
huang2015input,algorithms | interaction,joint_model_and_input_system,system,lab_user_study
lin2015investigation,interaction,input_control_user_or_evaluation_evidence,user-study,lab_user_study
gong2016leveraging,interaction,input_control_user_or_evaluation_evidence,technique,lab_user_study
wu2016study,interaction,input_control_user_or_evaluation_evidence,evaluation,heuristic
xiao2016pinyin,algorithms,conversion_recognition_data_or_infrastructure,system,design_only
zhu2016word,interaction,input_control_user_or_evaluation_evidence,user-study,lab_user_study
chen2017effect,interaction,input_control_user_or_evaluation_evidence,user-study,lab_user_study
chen2017role,interaction,input_control_user_or_evaluation_evidence,user-study,lab_user_study
huang2017research,algorithms | interaction,joint_model_and_input_system,system,design_only
huang2017researchb,algorithms | interaction,joint_model_and_input_system,system,lab_user_study
huang2018chinese,algorithms,conversion_recognition_data_or_infrastructure,technique,corpus_benchmark
huang2018moon,algorithms | interaction,joint_model_and_input_system,system,corpus_benchmark
huang2018research,algorithms | interaction,joint_model_and_input_system,system,lab_user_study
ji2018knowledge,algorithms,conversion_recognition_data_or_infrastructure,technique,corpus_benchmark
meng2018smart,algorithms | interaction,joint_model_and_input_system,system,simulation
ruan2018comparing,interaction,input_control_user_or_evaluation_evidence,user-study,lab_user_study
tian2018visor,algorithms,conversion_recognition_data_or_infrastructure,system,system_benchmark
yang2019testime,interaction,input_control_user_or_evaluation_evidence,evaluation,design_only
yao2019enabling,algorithms,conversion_recognition_data_or_infrastructure,technique,corpus_benchmark
yao2019seeime,interaction,input_control_user_or_evaluation_evidence,system,corpus_benchmark
zhang2019open,algorithms,conversion_recognition_data_or_infrastructure,technique,corpus_benchmark
zhang2019smarthandwriting,algorithms | interaction,joint_model_and_input_system,system,corpus_benchmark
cao2020evaluation,interaction,input_control_user_or_evaluation_evidence,evaluation,corpus_benchmark
ding2020design,interaction,input_control_user_or_evaluation_evidence,system,lab_user_study
li2020influence,interaction,input_control_user_or_evaluation_evidence,user-study,lab_user_study
liu2020stroke,algorithms,conversion_recognition_data_or_infrastructure,technique,corpus_benchmark
yang2020subsequent,algorithms,conversion_recognition_data_or_infrastructure,technique,simulation
zhang2020user,interaction,input_control_user_or_evaluation_evidence,user-study,lab_user_study
zhou2020children,interaction,input_control_user_or_evaluation_evidence,user-study,lab_user_study
jiang2022adaptive,algorithms,conversion_recognition_data_or_infrastructure,technique,corpus_benchmark
li2022fast,algorithms,conversion_recognition_data_or_infrastructure,technique,corpus_benchmark
tan2022exploring,algorithms,conversion_recognition_data_or_infrastructure,technique,corpus_benchmark
xiong2022pinyin,algorithms,conversion_recognition_data_or_infrastructure,technique,corpus_benchmark
li2023less,interaction,input_control_user_or_evaluation_evidence,evaluation,field_study
luo2023internet,interaction,input_control_user_or_evaluation_evidence,user-study,field_study
ding2024generative,algorithms,conversion_recognition_data_or_infrastructure,system,corpus_benchmark
guo2024optimization,interaction,input_control_user_or_evaluation_evidence,technique,lab_user_study
knockel2024silent,algorithms,conversion_recognition_data_or_infrastructure,evaluation,security_measurement
sun2024exploring,algorithms,conversion_recognition_data_or_infrastructure,technique,corpus_benchmark
chen2025investigating,algorithms | interaction,joint_model_and_input_system,system,field_study
peng2025enhancing,algorithms,conversion_recognition_data_or_infrastructure,technique,corpus_benchmark
zhang2026tone,algorithms | interaction,joint_model_and_input_system,system,lab_user_study
